{"cameraMode":{"drawMode":0,"name":"Shaded","section":"Shading Mode"},"sceneLighting":false,"audioPlay":false,"sceneViewState":{"showFog":false,"showMaterialUpdate":false,"showSkybox":false,"showFlares":false,"showImageEffects":true,"showParticleSystems":true},"in2DMode":false,"pivot":{"x":2.393594980239868,"y":29.917619705200197,"z":-12.259305953979493},"rotation":{"x":0.7697601914405823,"y":-0.05421911180019379,"z":0.06597534567117691,"w":0.6325955390930176},"size":3.6529250144958498,"orthographic":false}