{"cameraMode":{"drawMode":0,"name":"Shaded","section":"Shading Mode"},"sceneLighting":false,"audioPlay":false,"sceneViewState":{"showFog":false,"showMaterialUpdate":false,"showSkybox":false,"showFlares":false,"showImageEffects":true,"showParticleSystems":true},"in2DMode":false,"pivot":{"x":-0.783200204372406,"y":22.421817779541017,"z":-28.25629997253418},"rotation":{"x":-0.025006229057908059,"y":0.9707567691802979,"z":-0.20843012630939485,"w":-0.11646587401628494},"size":20.546707153320314,"orthographic":false}